Harry Willson,554 3352 505
Scarlett Locke,817106942143
Carter Mcgee,685 565 3628 617
Peter Avery,606-8621-895
Anthony Grey,354-2755-821
Sebastian Young,381-7815-707
Ivy Ellis,2446641987138
Clarissa Corbett,271-9100-675
Javier Healy,1-242-472-6093-290
Emerald Martin,518-3205-910
Mike Saunders,244-580-9098-789
Caleb Tate,1-2427628576120
Erick Griffiths,365 2465 921
Selena Callan,+81 272 5176 486
Remy Watson,+1-268-877-2273-875
Lana Bloom,100-8856-465
Cara Lynn,+1-849750-2701-715
Cedrick Brooks,+1-268173-9891-986
Harmony Cox,+685 491 4033 341
Hope Ralph,729-2441-718
Rick Rivers,+685 360 5560 164
Kieth Attwood,1-8093477700853
Liam Thomson,+44-1481-237-8890-702
William Lynn,1-8295812246648
Camila Roscoe,126-9969-602
Rebecca Gibson,44-14815329226275
Jackeline Ashwell,1-268 632 4874 556
Jacob Ripley,354 1162 754
Mya Rehman,+44-1481431-5151-549
Sabrina Rigg,2447723504894
Henry Wright,965-5277-443
Marilyn Flack,1-242-736-1925-228
Denis Murphy,44-14819798477903
Ruby Eagle,1-2685077254384
Eduardo Leigh,812366611865
Brad Woodcock,6855874115217
Ethan Fenton,1-8494224210902
Caleb Moore,502 9912 934
Mike Lakey,+1-809-801-1587-200
Parker Keys,1-829 530 3627 805
Savannah Gibbons,535-7867-146
Maxwell John,1-268-404-4822-971
Ramon Parr,+1-849 669 9302 723
Barry Stevens,352-1173-715
Thea Walker,+81158-1965-178
Molly Dunbar,1-2423048894237
Rita Ellery,+61-675-2281-584
Julian Cadman,+81432-1819-518
Angela Mcneill,244 768 4295 981
Chester Harrison,+685385-8936-190
